County,Constituency,Sub-County,,IEBC_CN,IEBC-CC,IEBC-CN,IEBC-CONSC,VOTERS,ColCODE,ConstNAME,2014,2015,2016,2017,2018,2019,2020,2021,2022,2023,2024,2025,2026
Mombasa,Changamwe,Changamwe,,CHANGAMWE ,1,MOMBASA ,1,93561,1,Changamwe,65215095,92849012,98270736,81896551.72,98189655.17,109040875.5,137367724.1,137388879.3,137088879,,,179441954.5,192613248
Mombasa,Jomvu,Jomvu,,JOMVU ,1,MOMBASA ,2,75085,2,Jomvu,64126631,91199962,96509499,81896551.72,98189655.17,109040875.5,137367724.1,137367879.3,137088879,131342462,157825629,161497759,173351923
Mombasa,Kisauni,Kisauni,,KISAUNI ,1,MOMBASA ,3,135276,3,Kisauni,69255070,98969680,104807803,81896551.72,98189655.17,109040875.5,137367724.1,137103879.3,137088879,158832745,192897991,197386149.9,211874573
Mombasa,Nyali,Nyali,,NYALI ,1,MOMBASA ,4,124253,4,Nyali,67589409,96446159,102112603,81896551.72,98189655.17,109040875.5,137367724.1,137316879.3,137088879,145087603,175361810,179441954.5,192613248
Mombasa,Likoni,Likoni,,LIKONI ,1,MOMBASA ,5,94764,5,Likoni,66565362,94894701,100455597,81896551.72,98189655.17,109040875.5,137367724.1,137088879.3,137088879,145087603,175361810,179441954.5,192613248
Mombasa,Mvita,Mvita,,MVITA ,1,MOMBASA ,6,118974,6,Mvita,64976201,92487081,97884183,81896551.72,98189655.17,109040875.5,137367724.1,137088879.3,137088879,145087603,175361810,179441954.5,192613248
Kwale,Msambweni,Msambweni,,MSAMBWENI ,2,KWALE ,7,82261,7,Msambweni,,,,,,,,,,,,,
Kwale,Lunga Lunga,Lunga Lunga,,LUNGALUNGA ,2,KWALE ,8,64854,8,LungaLunga,,,,,,,,,,,,,
Kwale,Matuga,Matuga,,MATUGA ,2,KWALE ,9,83015,9,Matuga,,,,,,,,,,,,,
Kwale,Kinango,Kinango,,KINANGO ,2,KWALE ,10,98123,10,Kinango,110038096,160757031,170798644,81896551.72,98189655.17,109040875.5,137367724.1,137088879.3,137088879,158832745,192897991,197386149.9,211874573
Kilifi,Kilifi North,Kilifi North,,KILIFI NORTH,3,KILIFI ,11,116742,11,Kilifi-North,91522984,132706153,140839421,81896551.72,98189655.17,109040875.5,137367724.1,137088879.3,137088879,158832745,192897991,197386149.9,211874573
Kilifi,Kilifi South,Kilifi South,,KILIFI SOUTH,3,KILIFI ,12,97696,12,Kilifi-South,78341780,112736282,119510969,81896551.72,98189655.17,109040875.5,137367724.1,137215879.3,137088879,145087603,175361810,179467954.5,192613248
Kilifi,Kaloleni,Kaloleni,,KALOLENI ,3,KILIFI ,13,73009,13,Kaloleni,83731176,120901359,128231528,81896551.72,98189655.17,109040875.5,137367724.1,137088879.3,137088879,138215033,166593720,170555393.5,183086585
Kilifi,Rabai,Rabai,,RABAI ,3,KILIFI ,14,59165,14,Rabai,69867981,99898256,105799552,81896551.72,98189655.17,109040875.5,137367724.1,137088879.3,137088879,138215033,166593720,170469856.7,182982585
Kilifi,Ganze,Ganze,,GANZE ,3,KILIFI ,15,67257,15,Ganze,91799949,133125762,141287576,81896551.72,98189655.17,109040875.5,137367724.1,137295379.3,137088879,138215033,166593720,170469856.7,182982585
Kilifi,Malindi,Malindi,,MALINDI ,3,KILIFI ,16,94605,16,Malindi,82422859,118919225,126114546,81896551.72,98189655.17,109040875.5,137367724.1,137088879.3,137088879,145087603,175361810,179441954.5,192613248
Kilifi,Magarini,Magarini,,MAGARINI ,3,KILIFI ,17,80128,17,Magarini,102288872,149016755,158259658,81896551.72,98189655.17,109040875.5,137367724.1,137088879.3,137088879,151960174,184129901,188450052.2,202243910
Tana River,Garsen,Garsen,,GARSEN ,4,TANA RIVER,18,55453,18,Garsen,80239023,115610656,122580891,81896551.72,98189655.17,109040875.5,137367724.1,137454879.3,137088879,151960174,184129901,188414052.2,202243910
Tana River,Galole,Galole,,GALOLE ,4,TANA RIVER,19,39965,19,Galole,71994254,103119615,109240065,81896551.72,98189655.17,109040875.5,137367724.1,137088879.3,137088879,138215033,166593720,170469856.7,182982585
Tana River,Bura,Bura,,BURA ,4,TANA RIVER,20,45678,20,Bura,76941931,110615476,117245880,81896551.72,98189655.17,109040875.5,137367724.1,137088879.3,137088879,145087603,175361810,179441954.5,192613248
Lamu,Lamu East,Lamu East,,LAMU EAST,5,LAMU ,21,22047,21,Lamu-East,60186412,85230425,90133846,81896551.72,98189655.17,109040875.5,137367724.1,137088879.3,137088879,131342462,157825629,161497759,173351923
Lamu,Lamu West,Lamu West,,LAMU WEST,5,LAMU ,22,59406,22,Lamu-West,67004319,95559733,101165872,81896551.72,98189655.17,109040875.5,137367724.1,137088879.3,137088879,158832745,192897991,197386149.9,211874573
Taita Taveta,Taveta,Taveta,,TAVETA ,6,TAITA TAVETA,23,41031,23,Taveta,70255922,100485997,106427277,81896551.72,98189655.17,109040875.5,137367724.1,137132879.3,137088879,145087603,175533810,179441954.5,192613248
Taita Taveta,Wundanyi,Wundanyi,,WUNDANYI ,6,TAITA TAVETA,24,35008,24,Wundanyi,67757063,96700160,102383885,81896551.72,98189655.17,109040875.5,137367724.1,137288879.3,137088879,138215033,166593720,170469856.7,182982585
Taita Taveta,Mwatate,Mwatate,,MWATATE ,6,TAITA TAVETA,25,44411,25,Mwatate,68968974,98536236,104344872,81896551.72,98189655.17,109040875.5,137367724.1,137088879.3,137088879,145087603,175361810,179441954.5,192613248
Taita Taveta,Voi,Voi,,VOI ,6,TAITA TAVETA,26,61377,26,Voi,69917064,99972618,105878973,81896551.72,98189655.17,109040875.5,137367724.1,137088879.3,137088879,151960174,184249901,188649643.3,202243910
Garissa,Garissa Township,Garissa Township,,GARISSA TOWNSHIP,7,GARISSA ,27,53253,27,Garissa-Township,65632079,93480753,98945456,81896551.72,98189655.17,109040875.5,137367724.1,137321379.3,137088879,138215033,166593720,170469856.7,182982585
Garissa,Balambala,Balambala,,BALAMBALA ,7,GARISSA ,28,26085,28,Balambala,73852369,105934708,112246673,81896551.72,98189655.17,109040875.5,137367724.1,137088879.3,137088879,145087603,175361810,179441954.5,192613248
Garissa,Lagdera,Lagdera,,LAGDERA ,7,GARISSA ,29,26949,29,Lagdera,77164284,110952346,117605669,81896551.72,98189655.17,109040875.5,137367724.1,137088879.3,137088879,151960174,184129901,188414052.2,202243910
Garissa,Dadaab,Dadaab,,DADAAB ,7,GARISSA ,30,38185,30,Dadaab,85601198,123734492,131257403,81896551.72,98189655.17,109040875.5,137367724.1,137088879.3,137088879,151960174,184129901,188414052.2,202243910
Garissa,Fafi,Fafi,,FAFI ,7,GARISSA ,31,27335,31,Fafi,75290099,108112906,114573058,81896551.72,98189655.17,109040875.5,137367724.1,137088879.3,137088879,145087603,175361810,179441954.5,192613248
Garissa,Ijara,Ijara,,IJARA ,7,GARISSA ,32,29666,32,Ijara,75022454,107707417,114139982,81896551.72,98189655.17,109040875.5,137367724.1,137088879.3,137088879,138215033,166593720,170469856.7,182982585
Wajir,Wajir North,Wajir North,,WAJIR NORTH,8,WAJIR ,33,33927,33,Wajir-North,92987961,134925630,143,81896551.72,98189655.17,109040875.5,137367724.1,137088879.3,137088879,158832745,192897991,197386149.9,211874573
Wajir,Wajir East,Wajir East,,WAJIR EAST,8,WAJIR ,34,35794,34,Wajir-East,84380381,121884921,129,81896551.72,98189655.17,109040875.5,137367724.1,137088879.3,137088879,138215033,166593720,170469856.7,182982585
Wajir,Tarbaj,Tarbaj,,TARBAJ ,8,WAJIR ,35,25267,35,Tarbaj,86399989,124944680,132549923,81896551.72,98189655.17,109040875.5,137367724.1,137088879.3,137088879,138215033,166593720,170469856.7,182982585
Wajir,Wajir West,Wajir West,,WAJIR WEST,8,WAJIR ,36,31334,36,Wajir-West,81420743,117400993,124493027,81896551.72,98189655.17,109040875.5,137367724.1,137088879.3,137088879,138215033,166593720,170469856.7,182982585
Wajir,Eldas,Eldas,,ELDAS ,8,WAJIR ,37,23359,37,Eldas,79553201,114571617,121471164,81896551.72,98189655.17,109040875.5,137367724.1,137304793.2,137088879,138215033,166593720,170469856.7,182982585
Wajir,Wajir South,Wajir South,,WAJIR SOUTH,8,WAJIR ,38,58077,38,Wajir-South,88408820,127988112,135,81896551.72,98189655.17,109040875.5,137367724.1,137088879.3,137088879,158832745,192897991,197386149.9,211874573
Mandera,Mandera West,Mandera West,,MANDERA WEST,9,MANDERA ,39,37637,39,Mandera-West,99154411,144267965,153187800,81896551.72,98189655.17,109040875.5,137367724.1,137088879.3,137088879,145087603,175361810,179441954.5,192613248
Mandera,Banissa,Banissa,,BANISSA ,9,MANDERA ,40,32703,40,Banissa,98505464,143284792,152,81896551.72,98189655.17,109040875.5,137367724.1,137088879.3,137088879,145087603,175361810,179441954.5,192613248
Mandera,Mandera North,Mandera North,,MANDERA NORTH,9,MANDERA ,41,45216,41,Mandera-North,101910878,148444084,157648028,81896551.72,98189655.17,109040875.5,137367724.1,137088879.3,137088879,145087603,175361810,179441954.5,192613248
Mandera,Mandera South,Mandera South,,MANDERA SOUTH,9,MANDERA ,42,34691,42,Mandera-South,124673643,182930270,194480361,81896551.72,98189655.17,109040875.5,137367724.1,137088879.3,137088879,145087603,175361810,179441954.5,192613248
Mandera,Mandera East,Mandera East,,MANDERA EAST,9,MANDERA ,43,48219,43,Mandera-East,85702452,123887894,131421242,81896551.72,98189655.17,109040875.5,137367724.1,137088879.3,137088879,145087603,175361810,179441954.5,192613248
Mandera,Lafey,Lafey,,LAFEY ,9,MANDERA ,44,18564,44,Lafey,97017837,141030998,149730618,81896551.72,98189655.17,109040875.5,137367724.1,137088879.3,137088879,145087603,175361810,179441954.5,192613248
Marsabit,Moyale,Moyale,,MOYALE ,10,MARSABIT ,45,66402,45,Moyale,82357489,118820188,126008772,81896551.72,98189655.17,109040875.5,137367724.1,137088879.3,137088879,158832745,192897991,197386149.9,211874573
Marsabit,North Horr,North Horr,,NORTH HORR,10,MARSABIT ,46,36855,46,North-Horr,75834968,108938398,115454708,81896551.72,98189655.17,109040875.5,137367724.1,137088879.3,137088879,145087603,175361810,179441954.5,192613248
Marsabit,Saku,Saku,,SAKU ,10,MARSABIT ,47,30209,47,Saku,66766053,95198754,100780335,81896551.72,98189655.17,109040875.5,137367724.1,137088879.3,137088879,131342462,157825629,161497759,173351923
Marsabit,Laisamis,Laisamis,,LAISAMIS ,10,MARSABIT ,48,33446,48,Laisamis,74385414,106742285,113109190,81896551.72,98189655.17,109040875.5,137367724.1,137088879.3,137088879,145087603,175361810,179441954.5,192613248
Isiolo,Isiolo North,Isiolo North,,ISIOLO NORTH,11,ISIOLO ,49,67323,49,Isiolo-North,76566084,110046058,116637724,81896551.72,98189655.17,109040875.5,137367724.1,137088879.3,137088879,158832745,192897991,197386149.9,211874573
Isiolo,Isiolo South,Isiolo South,,ISIOLO SOUTH,11,ISIOLO ,50,22181,50,Isiolo-South,68849750,98355609,104151956,81896551.72,98189655.17,109040875.5,137367724.1,137088879.3,137088879,131342462,157825629,161497759,173351923
Meru,Igembe South,Igembe South,,IGEMBE SOUTH,12,MERU ,51,77126,51,Igembe-South,73499422,105399984,111675571,81896551.72,98189655.17,109040875.5,137367724.1,137088879.3,137088879,145087603,175361810,179441954.5,192613248
Meru,Igembe Central,Igembe Central,,IGEMBE CENTRAL,12,MERU ,52,93434,52,Igembe-Central,77476226,111424946,118110421,81896551.72,98189655.17,109040875.5,137367724.1,137118879.3,137088879,145087603,175361810,179441954.5,192613248
Meru,Igembe North,Igembe North,,IGEMBE NORTH,12,MERU ,53,77050,53,Igembe-North,81215335,117089795,124160657,81896551.72,98189655.17,109040875.5,137367724.1,137088879.3,137088879,145087603,175361810,179441954.5,192613248
Meru,Tigania West,Tigania West,,TIGANIA WEST,12,MERU ,54,70283,54,Tigania-West,69081948,98707396,104527675,81896551.72,98189655.17,109040875.5,137367724.1,137088879.3,137088879,145087603,175361810,179441954.5,192704248
Meru,Tigania East,Tigania East,,TIGANIA EAST,12,MERU ,55,83527,55,Tigania-East,76771049,110356584,116969376,81896551.72,98189655.17,109040875.5,137367724.1,137088879.3,137088879,145087603,175361810,179441954.5,192613248
Meru,North Imenti,North Imenti,,NORTH IMENTI,12,MERU ,56,96241,56,North-Imenti,67275272,95970233,101604299,81896551.72,98189655.17,109040875.5,137367724.1,137088879.3,137088879,145087603,176202770,179441954.5,192613248
Meru,Buuri,Buuri,,BUURI ,12,MERU ,57,82341,57,Buuri,69588509,99474849,105347340,81896551.72,98189655.17,109040875.5,137367724.1,137088879.3,137088879,145087603,175361810,179441954.5,192613248
Meru,Central Imenti,Central Imenti,,CENTRAL IMENTI,12,MERU ,58,76495,58,Central-Imenti,66821605,95282916,100870223,81896551.72,98189655.17,109040875.5,137367724.1,137088879.3,137088879,138215033,166593720,170469856.7,182994585
Meru,South Imenti,South Imenti,,SOUTH IMENTI,12,MERU ,59,115642,59,South-Imenti,69757002,99730120,105619977,81896551.72,98189655.17,109040875.5,137367724.1,137088879.3,137088879,151960174,184129901,188414052.2,202319910
Tharaka-Nithi,Maara,Maara,,MAARA ,13,THARAKA-NITHI ,60,73248,60,Maara,66066595,94139056,99648544,81896551.72,98189655.17,109040875.5,137367724.1,137186879.3,137088879,145087603,175361810,179441954.5,192674248
Tharaka-Nithi,Chuka / Igambang’ombe,Chuka / Igambang’ombe,,CHUKA/IGAMBANG'OMBE ,13,THARAKA-NITHI ,61,84674,61,Chuka,70402984,100708800,106665238,81896551.72,,109040875.5,137367724.1,137088879.3,137088879,145087603,175361810,179441954.5,192613248
Tharaka-Nithi,Tharaka,Tharaka,,THARAKA ,13,THARAKA-NITHI ,62,74010,62,Tharaka,83424538,120436795,127735359,81896551.72,98189655.17,109040875.5,137367724.1,137088879.3,137088879,145087603,175361810,179441954.5,192613248
Embu,Manyatta,Manyatta,,MANYATTA ,14,EMBU ,63,106588,63,Manyatta,69015400,98606572,104419993,81896551.72,98189655.17,109040875.5,137367724.1,137088879.3,137088879,151960174,184129901,188414052.2,202243910
Embu,Runyenjes,Runyenjes,,RUNYENJES ,14,EMBU ,64,95326,64,Runyenjes,69404975,99196789,105050362,81896551.72,98189655.17,109040875.5,137367724.1,137088879.3,137088879,151960174,184129901,188414052.2,202243910
Embu,Mbeere South,Mbeere South,,MBEERE SOUTH,14,EMBU ,65,77264,65,Mbeere-South,76709655,110263571,116870035,81896551.72,98189655.17,109040875.5,137367724.1,137134879.3,137088879,145087603,175361810,179441954.5,192613248
Embu,Mbeere North,Mbeere North,,MBEERE NORTH,14,EMBU ,66,55124,66,Mbeere-North,73052901,104723492,110953056,81896551.72,98189655.17,109040875.5,137367724.1,137088879.3,137088879,131342462,157825629,161497759,173351923
Kitui,Mwingi North,Mwingi North,,MWINGI NORTH,15,KITUI ,67,68829,67,Mwingi-North,91837332,133182398,141348066,81896551.72,98189655.17,109040875.5,137367724.1,137088879.3,137088879,145087603,175361810,179441954.5,192613248
Kitui,Mwingi West,Mwingi West,,MWINGI WEST,15,KITUI ,68,57138,68,Mwingi-West,73442427,105313635,111583348,81896551.72,98189655.17,109040875.5,137367724.1,137088879.3,137088879,138215033,166593720,170469856.7,182982585
Kitui,Mwingi Central,Mwingi Central,,MWINGI CENTRAL,15,KITUI ,69,74231,69,Mwingi-Central,84850635,122597369,130042920,81896551.72,98189655.17,109040875.5,137367724.1,137088879.3,137088879,151960174,184129901,188414052.2,202243910
Kitui,Kitui West,Kitui West,,KITUI WEST,15,KITUI ,70,59047,70,Kitui-West,66714446,95120567,100696830,81896551.72,98189655.17,109040875.5,137367724.1,137088879.3,137088879,138215033,166593720,170469856.7,183018585
Kitui,Kitui Rural,Kitui Rural,,KITUI RURAL,15,KITUI ,71,55000,71,Kitui-Rural,74104740,106317057,112655034,81896551.72,98189655.17,109040875.5,137367724.1,137261879.3,137088879,138215033,166593720,170469856.7,182982585
Kitui,Kitui Central,Kitui Central,,KITUI CENTRAL,15,KITUI ,72,77764,72,Kitui-Central,76718303,110276673,116884028,81896551.72,98189655.17,109040875.5,137367724.1,137201879.3,137088879,145087603,175389810,179441954.5,192613248
Kitui,Kitui East,Kitui East,,KITUI EAST,15,KITUI ,73,65377,73,Kitui-East,85068711,122927760,130395789,81896551.72,98189655.17,109040875.5,137367724.1,137088879.3,137088879,151960174,184129901,188414052.2,202243910
Kitui,Kitui South,Kitui South,,KITUI SOUTH,15,KITUI ,74,75372,74,Kitui-South,94584769,137344836,145793681,81896551.72,98189655.17,109040875.5,137367724.1,137128879.3,137088879,151960174,184283901,188414052.2,202243910
Machakos,Masinga,Masinga,,MASINGA ,16,MACHAKOS ,75,68879,75,Masinga,81240588,117128054,124201519,81896551.72,98189655.17,109040875.5,137367724.1,137195879.3,137088879,145087603,175851810,179441954.5,192613248
Machakos,Yatta,Yatta,,YATTA ,16,MACHAKOS ,76,82397,76,Yatta,81955949,118211844,125359041,81896551.72,98189655.17,109040875.5,137367724.1,137126879.3,137088879,145087603,175361810,179441954.5,192613248
Machakos,Kangundo,Kangundo,,KANGUNDO ,16,MACHAKOS ,77,60796,77,Kangundo,72102621,103283793,109415412,81896551.72,98189655.17,109040875.5,137367724.1,137088879.3,137088879,138215033,166607720,170502856.7,182982585
Machakos,Matungulu,Matungulu,,MATUNGULU ,16,MACHAKOS ,78,75841,78,Matungulu,76872477,110510251,117133497,81896551.72,98189655.17,109040875.5,137367724.1,137121879.3,137088879,145087603,175631810,179441954.5,192629248
Machakos,Kathiani,Kathiani,,KATHIANI ,16,MACHAKOS ,79,60224,79,Kathiani,68118897,97248348,102969366,81896551.72,98189655.17,109040875.5,137367724.1,137088879.3,137088879,138215033,166593720,170469856.7,183032585
Machakos,Mavoko,Mavoko,,MAVOKO ,16,MACHAKOS ,80,132163,80,Mavoko,68078211,97186707,102903532,81896551.72,98189655.17,109040875.5,137367724.1,137207879.3,137088879,138215033,166593720,170469856.7,182982585
Machakos,Machakos Town,Machakos Town,,MACHAKOS TOWN,16,MACHAKOS ,81,117367,81,Machakos-Town,78776932,113395549,120215087,81896551.72,98189655.17,109040875.5,137367724.1,137088879.3,137088879,158832745,192897991,197386149.9,212063573
Machakos,Mwala,Mwala,,MWALA ,16,MACHAKOS ,82,89898,82,Mwala,79309990,114203146,121077626,81896551.72,98189655.17,109040875.5,137367724.1,137088879.3,137088879,151960174,184129901,188414052.2,202243910
Makueni,Mbooni,Mbooni,,MBOONI ,17,MAKUENI ,83,96029,83,Mbooni,87139903,126065670,133747175,81896551.72,98189655.17,109040875.5,137367724.1,137100879.3,137088879,151960174,184167901,188414052.2,202243910
Makueni,Kilome,Kilome,,KILOME ,17,MAKUENI ,84,59178,84,Kilome,69766330,99744252,105635071,81896551.72,98189655.17,109040875.5,137367724.1,137088879.3,137088879,131342462,157825629,161497759,173385923
Makueni,Kaiti,Kaiti,,KAITI ,17,MAKUENI ,85,65188,85,Kaiti,75582837,108556412,115046736,81896551.72,98189655.17,109040875.5,137367724.1,137088879.3,137088879,138215033,166593720,170469856.7,182982585
Makueni,Makueni,Makueni,,MAKUENI ,17,MAKUENI ,86,102712,86,Makueni,98571651,143385068,152244838,81896551.72,98189655.17,109040875.5,137367724.1,137088879.3,137088879,158832745,192917991,197386149.9,211874573
Makueni,Kibwezi West,Kibwezi West,,KIBWEZI WEST,17,MAKUENI ,87,91554,87,Kibwezi-West,89778165,130062705,138016135,81896551.72,98189655.17,109040875.5,137367724.1,137088879.3,137088879,151960174,184129901,188414052.2,202243910
Makueni,Kibwezi East,Kibwezi East,,KIBWEZI EAST,17,MAKUENI ,88,64740,88,Kibwezi-East,87754311,126996514,134741346,81896551.72,98189655.17,109040875.5,137367724.1,137293879.3,137088879,138215033,166593720,170469856.7,182982585
Nyandarua,Kinangop,Kinangop,,KINANGOP ,18,NYANDARUA ,89,115547,89,Kinangop,80630228,116203342,123213898,81896551.72,98189655.17,109040875.5,137367724.1,137088879.3,137088879,165705316,201810082,206358247.6,221505235
Nyandarua,Kipipiri,Kipipiri,,KIPIPIRI ,18,NYANDARUA ,90,54628,90,Kipipiri,71587093,102502756,108581240,81896551.72,98189655.17,109040875.5,137367724.1,137253879.3,137088879,138215033,166593720,170469856.7,182982585
Nyandarua,Ol Kalou,Ol Kalou,,OL KALOU,18,NYANDARUA ,91,72997,91,OlKalou,72962510,104586548,110806795,81896551.72,98189655.17,109040875.5,137367724.1,137239879.3,137088879,145087603,175361810,179441954.5,192613248
Nyandarua,Ol Jorok,Ol Jorok,,OL JOROK,18,NYANDARUA ,92,60147,92,OlJoro-Orok,68444682,97741920,103496517,81896551.72,98189655.17,109040875.5,137367724.1,137088879.3,137088879,138215033,166593720,170469856.7,182982585
Nyandarua,Ndaragwa,Ndaragwa,,NDARAGWA ,18,NYANDARUA ,93,57846,93,Ndaragwa,67775214,96727658,102413253,81896551.72,98189655.17,109040875.5,137367724.1,137088879.3,137088879,138215033,166593720,170469856.7,182982585
Nyeri,Tetu,Tetu,,TETU ,19,NYERI ,94,54986,94,Tetu,64870950,92327623,97713877,81896551.72,98189655.17,109040875.5,137367724.1,137088879.3,137088879,131342462,157825629,161497759,173351923
Nyeri,Kieni,Kieni,,KIENI ,19,NYERI ,95,114573,95,Kieni,72730749,104235424,110431784,81896551.72,98189655.17,109040875.5,137367724.1,137088879.3,137088879,165705316,201666082,206662247.6,221505235
Nyeri,Mathira,Mathira,,MATHIRA ,19,NYERI ,96,104492,96,Mathira,69749494,99718745,105607829,81896551.72,98189655.17,109040875.5,137367724.1,137088879.3,137088879,151960174,184129901,188414052.2,202243910
Nyeri,Othaya,Othaya,,OTHAYA ,19,NYERI ,97,61879,97,Othaya,65954738,93969589,99467549,81896551.72,98189655.17,109040875.5,137367724.1,137145879.3,137088879,138215033,166593720,170469856.7,182982585
Nyeri,Mukurweini,Mukurweini,,MUKURWEINI ,19,NYERI ,98,58534,98,Mukurwe-ini,67215311,95879390,101507277,81896551.72,98189655.17,109040875.5,137367724.1,137326879.3,137088879,138215033,166593720,170469856.7,182982585
Nyeri,Nyeri Town,Nyeri Town,,NYERI TOWN,19,NYERI ,99,87168,99,Nyeri-Town,63177178,89761514,94973192,81896551.72,98189655.17,109040875.5,137367724.1,137268879.3,137088879,145087603,175361810,179441954.5,192613248
Kirinyaga,Mwea,Mwea,,MWEA ,20,KIRINYAGA ,100,131714,100,Mwea,74941821,107585256,114009510,81896551.72,98189655.17,109040875.5,137367724.1,137088879.3,137088879,165705316,201666082,206358247.6,221505235
Kirinyaga,Gichugu,Gichugu,,GICHUGU ,20,KIRINYAGA ,101,92495,101,Gichungu,67178399,95823468,101447550,81896551.72,98189655.17,109040875.5,137367724.1,137088879.3,137088879,145087603,175361810,179441954.5,192613248
Kirinyaga,Ndia,Ndia,,NDIA ,20,KIRINYAGA ,102,69743,102,Ndia,66274384,94453861,99984766,81896551.72,98189655.17,109040875.5,137367724.1,137099879.3,137088879,131342462,159031629,161497759,173351923
Kirinyaga,Kirinyaga Central,Kirinyaga Central,,KIRINYAGA CENTRAL,20,KIRINYAGA ,103,82049,103,Kirinyaga-Central,66713108,95118540,100694664,81896551.72,98189655.17,109040875.5,137367724.1,137628879.3,137088879,138215033,167748320,170481356.7,182986585
Murang’a,Kangema,Kangema,,KANGEMA ,21,MURANG'A ,104,52002,104,Kangema,64643255,91982659,97345445,81896551.72,98189655.17,109040875.5,137367724.1,137088879.3,137088879,131342462,157825629,161497759,73351923
Murang’a,Mathioya,Mathioya,,MATHIOYA ,21,MURANG'A ,105,58102,105,Mathioya,65769826,93689444,99168345,81896551.72,98189655.17,109040875.5,137367724.1,137137379.3,137088879,131342462,159213629,161497759,173351923
Murang’a,Kiharu,Kiharu,,KIHARU ,21,MURANG'A ,106,119389,106,Kiharu,76179978,109461096,116012966,81896551.72,98189655.17,109040875.5,137367724.1,137476879.3,137088879,151960174,184129901,188414052.2,202243910
Murang’a,Kigumo,Kigumo,,KIGUMO ,21,MURANG'A ,107,82609,107,Kigumo,71001111,101614978,107633065,81896551.72,98189655.17,109040875.5,137367724.1,137088879.3,137088879,145087603,175361810,179441954.5,192613248
Murang’a,Maragua,Maragua,,MARAGWA ,21,MURANG'A ,108,102383,108,Maragua,76261689,109584890,116145183,81896551.72,98189655.17,109040875.5,137367724.1,137088879.3,137088879,151960174,184129901,188414052.2,202243910
Murang’a,Kandara,Kandara,,KANDARA ,21,MURANG'A ,109,105148,109,Kandara,74393111,106753947,113121646,81896551.72,98189655.17,109040875.5,137367724.1,137088879.3,137088879,151960174,184129901,188414052.2,202243910
Murang’a,Gatanga,Gatanga,,GATANGA ,21,MURANG'A ,110,101296,110,Gatanga,74527652,106957779,113339345,81896551.72,98189655.17,109040875.5,137367724.1,137126879.3,137088879,151960174,184129901,188414052.2,202243910
Kiambu,Gatundu South,Gatundu South,,GATUNDU SOUTH,22,KIAMBU ,111,79860,111,Gatundu-South,67569836,96416506,102080933,81896551.72,98189655.17,109040875.5,137367724.1,137088879.3,137088879,138215033,166593720,170469856.7,182982585
Kiambu,Gatundu North,Gatundu North,,GATUNDU NORTH,22,KIAMBU ,112,71810,112,Gatundu-North,68004552,97075112,102784345,81896551.72,98189655.17,109040875.5,137367724.1,138036879.3,137088879,138215033,166593720,170469856.7,182982585
Kiambu,Juja,Juja,,JUJA ,22,KIAMBU ,113,134638,113,Juja,65909343,93900816,99394096,81896551.72,98189655.17,109040875.5,137367724.1,137088879.3,137088879,145087603,175361810,179441954.5,192613248
Kiambu,Thika Town,Thika Town,,THIKA TOWN,22,KIAMBU ,114,156018,114,Thika-Town,71022496,101647376,107667667,81896551.72,98189655.17,109040875.5,137367724.1,137088879.3,137088879,145087603,175361810,179578954.5,192613248
Kiambu,Ruiru,Ruiru,,RUIRU ,22,KIAMBU ,115,172088,115,Ruiru,70752792,101238767,107231260,81896551.72,98189655.17,109040875.5,137367724.1,137691879.3,137088879,165705316,201666082,206358247.6,221505235
Kiambu,Githunguri,Githunguri,,GITHUNGURI ,22,KIAMBU ,116,104592,116,Githunguri,66686959,95078924,100652354,81896551.72,98189655.17,109040875.5,137367724.1,137088879.3,137088879,145087603,175361810,179441954.5,192613248
Kiambu,Kiambu,Kiambu,,KIAMBU ,22,KIAMBU ,117,86986,117,Kiambu,65799783,93734828,99216817,81896551.72,98189655.17,109040875.5,137367724.1,137165879.3,137088879,138215033,166593720,170469856.7,182982585
Kiambu,Kiambaa,Kiambaa,,KIAMBAA ,22,KIAMBU ,118,104268,118,Kiambaa,67071168,95661010,101274040,81896551.72,98189655.17,109040875.5,137367724.1,137098879.3,137088879,145087603,175361810,179441954.5,192613248
Kiambu,Kabete,Kabete,,KABETE ,22,KIAMBU ,119,91775,119,Kabete,67355903,96092391,101734768,81896551.72,98189655.17,109040875.5,137367724.1,137428879.3,137088879,145087603,175361810,179441954.5,192613248
Kiambu,Kikuyu,Kikuyu,,KIKUYU ,22,KIAMBU ,120,98758,120,Kikuyu,68631874,98025521,103799411,81896551.72,98189655.17,109040875.5,137367724.1,137088879.3,137088879,145087603,175361810,179441954.5,192613248
Kiambu,Limuru,Limuru,,LIMURU ,22,KIAMBU ,121,93019,121,Limuru,71756880,102759987,108855971,81896551.72,98189655.17,109040875.5,137367724.1,137088879.3,137088879,145087603,175361810,179441954.5,192613248
Kiambu,Lari,Lari,,LARI ,22,KIAMBU ,122,81196,122,Lari,69573221,99451687,105322602,81896551.72,98189655.17,109040875.5,137367724.1,137088879.3,137088879,145087603,175361810,179441954.5,192613248
Turkana,Turkana North,Turkana North,,TURKANA NORTH,23,TURKANA ,123,42937,123,Turkana-North,97306777,141468751,150198152,81896551.72,98189655.17,109040875.5,137367724.1,137088879.3,137088879,151960174,184129901,188414052.2,202243910
Turkana,Turkana West,Turkana West,,TURKANA WEST,23,TURKANA ,124,42673,124,Turkana-West,116070134,169895727,180559059,81896551.72,98189655.17,109040875.5,137367724.1,137088879.3,137088879,158832745,192897991,197386149.9,211874573
Turkana,Turkana Central,Turkana Central,,TURKANA CENTRAL,23,TURKANA ,125,55971,125,Turkana-Central,89136726,129090909,136978226,81896551.72,98189655.17,109040875.5,137367724.1,137088879.3,137088879,145087603,175361810,179441954.5,192613248
Turkana,Loima,Loima,,LOIMA ,23,TURKANA ,126,36515,126,Loima,90624556,131345010,139385677,81896551.72,98189655.17,109040875.5,137367724.1,137088879.3,137088879,138215033,166593720,170469856.7,182982585
Turkana,Turkana South,Turkana South,,TURKANA SOUTH,23,TURKANA ,127,40432,127,Turkana-South,93426132,135589471,143918895,81896551.72,98189655.17,109040875.5,137367724.1,137088879.3,137088879,145087603,175361810,179441954.5,192613248
Turkana,Turkana East,Turkana East,,TURKANA EAST,23,TURKANA ,128,20000,128,Turkana-East,83279781,120217483,127501128,81896551.72,98189655.17,109040875.5,137367724.1,137204879.3,137088879,131342462,157825629,161497759,173351923
West Pokot,Kapenguria,Kapenguria,,KAPENGURIA ,24,WEST POKOT,129,66540,129,Kapenguria ,82288101,118715063,125896495,81896551.72,98189655.17,109040875.5,137367724.1,137134879.3,137088879,151960174,184129901,188414052.2,202243910
West Pokot,Sigor,Sigor,,SIGOR ,24,WEST POKOT,130,43934,130,Sigor,75564691,108528920,115017373,81896551.72,98189655.17,109040875.5,137367724.1,137088879.3,137088879,138215033,166593720,170469856.7,182982585
Murang’a,Kahuro,Kahuro,,KACHELIBA ,24,WEST POKOT,131,51146,131,Kacheliba,93908056,136319599,144698695,81896551.72,98189655.17,109040875.5,137367724.1,137088879.3,137088879,151960174,184129901,188414052.2,202243910
West Pokot,Pokot South,Pokot South,,POKOT SOUTH,24,WEST POKOT,132,58406,132,Pokot-South,82914629,119664268,126910276,81896551.72,98189655.17,109040875.5,137367724.1,137088879.3,137088879,138215033,166593720,170469856.7,182982585
Samburu,Samburu West,Samburu West,,SAMBURU WEST,25,SAMBURU ,133,43390,133,Samburu-West,76050163,109264424,115802914,81896551.72,98189655.17,109040875.5,137367724.1,137088879.3,137088879,145087603,175361810,179441954.5,192613248
Samburu,Samburu North,Samburu North,,SAMBURU NORTH,25,SAMBURU ,134,29830,134,Samburu-North,75681472,108705847,115206337,81896551.72,98189655.17,109040875.5,137367724.1,137092879.3,137088879,151960174,184129901,188414052.2,202243910
Samburu,Samburu East,Samburu East,,SAMBURU EAST,25,SAMBURU ,135,26794,135,Samburu-East,71145658,101833969,107866954,81896551.72,98189655.17,109040875.5,137367724.1,137088879.3,137088879,138215033,166593720,170469856.7,182982585
Trans Nzoia,Kwanza,Kwanza,,KWANZA ,26,TRANS NZOIA,136,75839,136,Kwanza,81242330,117130692,124204337,81896551.72,98189655.17,109040875.5,137367724.1,137088879.3,137088879,138215033,166593720,170469856.7,182982585
Trans Nzoia,Endebess,Endebess,,ENDEBESS ,26,TRANS NZOIA,137,50688,137,Endebess,71153805,101846313,107880138,81896551.72,98189655.17,109040875.5,137367724.1,137138879.3,137088879,131342462,157825629,161497759,173351923
Trans Nzoia,Saboti,Saboti,,SABOTI ,26,TRANS NZOIA,138,87384,138,Saboti,75426946,108320233,114794489,81896551.72,98189655.17,109040875.5,137367724.1,137093879.3,137088879,145087603,175361810,179441954.5,192613248
Trans Nzoia,Kiminini,Kiminini,,KIMININI ,26,TRANS NZOIA,139,93240,139,Kiminini,80952765,116691994,123735794,81896551.72,98189655.17,109040875.5,137367724.1,137088879.3,137088879,151960174,184129901,188414052.2,202243910
Trans Nzoia,Cherangany,Cherangany,,CHERANGANY ,26,TRANS NZOIA,140,91830,140,Cherangany,83145328,120013783,127283569,81896551.72,98189655.17,109040875.5,137367724.1,137088879.3,137088879,158832745,192897991,197386149.9,211874573
Uasin Gishu,Soy,Soy,,SOY ,27,UASIN GISHU,141,92702,141,Soy,79156878,113971178,120829876,81896551.72,98189655.17,109040875.5,137367724.1,137088879.3,137088879,158832745,192897991,197386149.9,211874573
Uasin Gishu,Turbo,Turbo,,TURBO ,27,UASIN GISHU,142,120202,142,Turbo,77368352,111261514,117935869,81896551.72,98189655.17,109040875.5,137367724.1,137088879.3,137088879,151960174,184129901,188414052.2,202243910
Uasin Gishu,Moiben,Moiben,,MOIBEN ,27,UASIN GISHU,143,77877,143,Moiben,74163788,106406516,112750579,81896551.72,98189655.17,109040875.5,137367724.1,137088879.3,137088879,145087603,175361810,179441954.5,192613248
Uasin Gishu,Ainabkoi,Ainabkoi,,AINABKOI ,27,UASIN GISHU,144,62606,144,Ainabkoi,69777798,99761627,105653627,81896551.72,98189655.17,109040875.5,137367724.1,137088879.3,137088879,131342462,157825629,161497759,173351923
Uasin Gishu,Kapseret,Kapseret,,KAPSERET ,27,UASIN GISHU,145,74809,145,Kapseret,67792669,96754103,102441497,81896551.72,98189655.17,109040875.5,137367724.1,137088879.3,137088879,145087603,175391410,179441954.5,192613248
Uasin Gishu,Kesses,Kesses,,KESSES ,27,UASIN GISHU,146,77942,146,Kesses,72570295,103992333,110172155,81896551.72,98189655.17,109040875.5,137367724.1,137157879.3,137088879,138215033,166593720,170469856.7,182982585
Elgeyo-Marakwet,Marakwet East,Marakwet East,,MARAKWET EAST,28,ELGEYO/MARAKWET ,147,43672,147,Marakwet-East,73436850,105305185,111574323,81896551.72,98189655.17,109040875.5,137367724.1,137157879.3,137088879,138215033,166601720,170469856.7,182982585
Elgeyo-Marakwet,Marakwet West,Marakwet West,,MARAKWET WEST,28,ELGEYO/MARAKWET ,148,58568,148,Marakwet-West,77460899,111401725,118085619,81896551.72,98189655.17,109040875.5,137367724.1,137088879.3,137088879,151960174,184141901,188414052.2,202243910
Elgeyo-Marakwet,Keiyo North,Keiyo North,,KEIYO NORTH,28,ELGEYO/MARAKWET ,149,49247,149,Keiyo-North,66053271,94118870,99626985,81896551.72,98189655.17,109040875.5,137367724.1,137088879.3,137088879,138215033,166593720,170469856.7,182982585
Elgeyo-Marakwet,Keiyo South,Keiyo South,,KEIYO SOUTH,28,ELGEYO/MARAKWET ,150,62397,150,Keiyo-South,74946274,107592002,114016716,81896551.72,98189655.17,109040875.5,137367724.1,137093879.3,137088879,151960174,184129901,188414052.2,202243910
Nandi,Tinderet,Tinderet,,TINDERET ,29,NANDI ,151,51446,151,Tinderet,75928357,109079884,115605820,81896551.72,98189655.17,109040875.5,137367724.1,137108879.3,137088879,138215033,166593720,170469856.7,182982585
Nandi,Aldai,Aldai,,ALDAI ,29,NANDI ,152,78005,152,Aldai,77598455,111610126,118308199,81896551.72,98189655.17,109040875.5,137367724.1,137088879.3,137088879,151960174,184129901,188414052.2,202243910
Nandi,Nandi Hills,Nandi Hills,,NANDI HILLS,29,NANDI ,153,57910,153,Nandi-Hills,70068167,100201542,106123471,81896551.72,98189655.17,109040875.5,137367724.1,137109879.3,137088879,138215033,166603720,170469856.7,182982585
Nandi,Chesumei,Chesumei,,CHESUMEI ,29,NANDI ,154,74201,154,Chesumei,71029957,101658679,107679740,81896551.72,98189655.17,109040875.5,137367724.1,137088879.3,137088879,145087603,175361810,179441954.5,192613248
Nandi,Emgwen,Emgwen,,EMGWEN ,29,NANDI ,155,66940,155,Emgwen,70488348,100838128,106803365,81896551.72,98189655.17,109040875.5,137367724.1,137088879.3,137088879,138215033,166593720,170469856.7,182982585
Nandi,Mosop,Mosop,,MOSOP ,29,NANDI ,156,77786,156,Mosop,75150991,107902154,114347967,81896551.72,98189655.17,109040875.5,137367724.1,137088879.3,137088879,158832745,192915991,197386149.9,211874573
Baringo,Tiaty,Tiaty,,TIATY ,30,BARINGO ,157,39059,157,Tiaty,87002584,125857628,133524979,81896551.72,98189655.17,109040875.5,137367724.1,137102879.3,137088879,158832745,192897991,197386149.9,211874573
Baringo,Baringo North,Baringo North,,BARINGO NORTH,30,BARINGO ,158,50287,158,Baringo-North,75016762,107698794,114130773,81896551.72,98189655.17,109040875.5,137367724.1,137088879.3,137088879,145087603,175361810,179441954.5,192613248
Baringo,Baringo Central,Baringo Central,,BARINGO CENTRAL,30,BARINGO ,159,45920,159,Baringo-Central,69949783,100022188,105931915,81896551.72,98189655.17,109040875.5,137367724.1,137254879.3,137088879,145087603,175361810,179441954.5,192664248
Baringo,Baringo South,Baringo South,,BARINGO SOUTH,30,BARINGO ,160,42791,160,Baringo-South,70961468,101554917,107568918,81896551.72,98189655.17,109040875.5,137367724.1,137088879.3,137088879,138215033,166593720,170469856.7,182982585
Baringo,Mogotio,Mogotio,,MOGOTIO ,30,BARINGO ,161,38922,161,Mogotio,66563284,94891553,100452235,81896551.72,98189655.17,109040875.5,137367724.1,137088879.3,137088879,131342462,157825629,161497759,173351923
Baringo,Eldama Ravine,Eldama Ravine,,ELDAMA RAVINE,30,BARINGO ,162,64074,162,Eldama-Ravine,67697361,96609709,102287280,81896551.72,98189655.17,109040875.5,137367724.1,137088879.3,137088879,151960174,184129901,188414052.2,202243910
Laikipia,Laikipia West,Laikipia West,,LAIKIPIA WEST,31,LAIKIPIA ,163,118865,163,Laikipia-West,86717871,125426280,133064286,81896551.72,98189655.17,109040875.5,137367724.1,137101879.3,137088879,151960174,184347901,188414052.2,202243910
Laikipia,Laikipia East,Laikipia East,,LAIKIPIA EAST,31,LAIKIPIA ,164,96395,164,Laikipia-East,71575155,102484668,108561922,81896551.72,98189655.17,109040875.5,137367724.1,137097879.3,137088879,145087603,175361810,179441954.5,192613248
Laikipia,Laikipia North,Laikipia North,,LAIKIPIA NORTH,31,LAIKIPIA ,165,47752,165,Laikipia-North,73494699,105392828,111667928,81896551.72,98189655.17,109040875.5,137367724.1,137088879.3,137088879,138215033,166593720,170469856.7,182982585
Nakuru,Molo,Molo,,MOLO ,32,NAKURU ,166,77027,166,Molo,68236748,97426895,103160060,81896551.72,98189655.17,109040875.5,137367724.1,137088879.3,137088879,138215033,166593720,170469856.7,182982585
Nakuru,Njoro,Njoro,,NJORO ,32,NAKURU ,167,113274,167,Njoro,79218665,114064786,120929853,81896551.72,98189655.17,109040875.5,137367724.1,137088879.3,137088879,151960174,166593720,188414052.2,202243910
Nakuru,Naivasha,Naivasha,,NAIVASHA ,32,NAKURU ,168,157128,168,Naivasha,79714596,114816135,121732317,81896551.72,98189655.17,109040875.5,137367724.1,137202879.3,137088879,165705316,184129901,206554247.6,221505235
Nakuru,Gilgil,Gilgil,,GILGIL ,32,NAKURU ,169,95654,169,Gilgil,73529506,105445561,111724249,81896551.72,98189655.17,109040875.5,137367724.1,137190879.3,137088879,145087603,201666082,179441954.5,192613248
Nakuru,Kuresoi South,Kuresoi South,,KURESOI SOUTH,32,NAKURU ,170,66168,170,Kuresoi-South,74645444,107136238,113529945,81896551.72,98189655.17,109040875.5,137367724.1,137088879.3,137088879,138215033,175361810,170469856.7,182982585
Nakuru,Kuresoi North,Kuresoi North,,KURESOI NORTH,32,NAKURU ,171,70663,171,Kuresoi-North,74237528,106518234,112869897,81896551.72,98189655.17,109040875.5,137367724.1,137088879.3,137088879,138215033,166593720,170469856.7,182982585
Nakuru,Subukia,Subukia,,SUBUKIA ,32,NAKURU ,172,55599,172,Subukia,70519933,100885980,106854472,81896551.72,98189655.17,109040875.5,137367724.1,137088879.3,137088879,131342462,166593720,161497759,173351923
Nakuru,Rongai,Rongai,,RONGAI ,32,NAKURU ,173,84625,173,Rongai,72922727,104526276,110742423,81896551.72,98189655.17,109040875.5,137367724.1,137228879.3,137088879,145087603,158087629,179441954.5,192613248
Nakuru,Bahati,Bahati,,BAHATI ,32,NAKURU ,174,97040,174,Bahati,72594027,104028286,110210555,81896551.72,98189655.17,109040875.5,137367724.1,137088879.3,137088879,145087603,175361810,179441954.5,192613248
Nakuru,Nakuru Town West,Nakuru Town West,,NAKURU TOWN WEST,32,NAKURU ,175,112127,175,NakuruTown-West,63139839,89704944,94912773,81896551.72,98189655.17,109040875.5,137367724.1,137088879.3,137088879,151960174,175361810,188414052.2,202243910
Nakuru,Nakuru Town East,Nakuru Town East,,NAKURU TOWN EAST,32,NAKURU ,176,125551,176,NakuruTown-East,63680666,90524311,95787883,81896551.72,98189655.17,109040875.5,137367724.1,137088879.3,137088879,145087603,184138901,179441954.5,192613248
Narok,Kilgoris,Kilgoris,,KILGORIS ,33,NAROK ,177,76883,177,Kilgoris,81173777,117026832,124093412,81896551.72,98189655.17,109040875.5,137367724.1,137088879.3,137088879,151960174,175361810,188414052.2,202243910
Narok,Emurua Dikirr,Emurua Dikirr,,EMURUA DIKIRR,33,NAROK ,178,44040,178,Emuria-Dikirr,72410169,103749737,109913055,81896551.72,98189655.17,109040875.5,137367724.1,137088879.3,137088879,138215033,184129901,170469856.7,182982585
Narok,Narok North,Narok North,,NAROK NORTH,33,NAROK ,179,88665,179,Narok-North,73705869,105712757,112009622,81896551.72,98189655.17,109040875.5,137367724.1,137088879.3,137088879,151960174,166593720,188414052.2,202243910
Narok,Narok East,Narok East,,NAROK EAST,33,NAROK ,180,46535,180,Narok-East,68089445,97203728,102921711,81896551.72,98189655.17,109040875.5,137367724.1,137088879.3,137088879,138215033,184129901,170469856.7,182982585
Narok,Narok South,Narok South,,NAROK SOUTH,33,NAROK ,181,76065,181,Narok-South,82149661,118505322,125672486,81896551.72,98189655.17,109040875.5,137367724.1,137088879.3,137088879,151960174,166593720,188414052.2,202243910
Narok,Narok West,Narok West,,NAROK WEST,33,NAROK ,182,66596,182,Narok-West,76699789,110248624,116854072,81896551.72,98189655.17,109040875.5,137367724.1,137088879.3,137088879,138215033,184129901,170469856.7,182982585
Kajiado,Kajiado North,Kajiado North,,KAJIADO NORTH,34,KAJIADO ,183,134880,183,Kajiado-North,69115807,98758692,104582462,81896551.72,98189655.17,109040875.5,137367724.1,137088879.3,137088879,145087603,166593720,179898371.5,192613248
Kajiado,Kajiado Central,Kajiado Central,,KAJIADO CENTRAL,34,KAJIADO ,184,65823,184,Kajiado-Central,74542261,106979912,113362984,81896551.72,98189655.17,109040875.5,137367724.1,137088879.3,137088879,145087603,175361810,179441954.5,192613248
Kajiado,Kajiado East,Kajiado East,,KAJIADO EAST,34,KAJIADO ,185,116336,185,Kajiado-East,70219170,100430316,106367808,81896551.72,98189655.17,109040875.5,137367724.1,137088879.3,137088879,145087603,175361810,179640954.5,192613248
Kajiado,Kajiado West,Kajiado West,,KAJIADO WEST,34,KAJIADO ,186,75173,186,Kajiado-West,77183331,110981202,117636488,81896551.72,98189655.17,109040875.5,137367724.1,137088879.3,137088879,145087603,175361810,179441954.5,192613248
Kajiado,Kajiado South,Kajiado South,,KAJIADO SOUTH,34,KAJIADO ,187,71061,187,Kajiado-South,78964640,113679933,120518817,81896551.72,98189655.17,109040875.5,137367724.1,137088879.3,137088879,145087603,175361810,179441954.5,192613248
Kericho,Kipkelion East,Kipkelion East,,KIPKELION EAST,35,KERICHO ,188,63679,188,Kipkelion-East,72243727,103497573,109643736,81896551.72,98189655.17,109040875.5,137367724.1,137088879.3,137088879,138215033,175361810,170469856.7,182982585
Kericho,Kipkelion West,Kipkelion West,,KIPKELION WEST,35,KERICHO ,189,52960,189,Kipkelion-West,72556787,103971867,110150296,81896551.72,98189655.17,109040875.5,137367724.1,137088879.3,137088879,138215033,166593720,170469856.7,182982585
Kericho,Ainamoi,Ainamoi,,AINAMOI ,35,KERICHO ,190,85024,190,Ainamoi,69786836,99775319,105668251,81896551.72,98189655.17,109040875.5,137367724.1,137088879.3,137088879,151960174,166593720,188414052.2,202243910
Kericho,Bureti,Bureti,,BURETI ,35,KERICHO ,191,95320,191,Bureti,79755571,114878214,121798619,81896551.72,98189655.17,109040875.5,137367724.1,137088879.3,137088879,158832745,184129901,197386149.9,211874573
Kericho,Belgut,Belgut,,BELGUT ,35,KERICHO ,192,75175,192,Belgut,71547004,102442020,108516371,81896551.72,98189655.17,109040875.5,137367724.1,137213879.3,137088879,145087603,192897991,179441954.5,192613248
Kericho,Sigowet / Soin,Sigowet / Soin,,SIGOWET/SOIN ,35,KERICHO ,193,55909,193,Soin,72758187,104276993,110476181,81896551.72,98189655.17,109040875.5,137367724.1,137088879.3,137088879,138215033,175361810,170469856.7,182982585
Bomet,Sotik,Sotik,,SOTIK ,36,BOMET ,194,86681,194,Sotik,83586882,120682749,127998046,81896551.72,98189655.17,109040875.5,137367724.1,137088879.3,137088879,145087603,166593720,179441954.5,192613248
Bomet,Chepalungu,Chepalungu,,CHEPALUNGU ,36,BOMET ,195,80140,195,Chepalungu,87620803,126794246,134525317,81896551.72,98189655.17,109040875.5,137367724.1,137088879.3,137088879,145087603,175361810,179441954.5,192613248
Bomet,Bomet East,Bomet East,,BOMET EAST,36,BOMET ,196,63640,196,Bomet-East,78360411,112764510,119541117,81896551.72,98189655.17,109040875.5,137367724.1,137088879.3,137088879,145087603,175361810,179441954.5,192613248
Bomet,Bomet Central,Bomet Central,,BOMET CENTRAL,36,BOMET ,197,71409,197,Bomet-Central,76170798,109447189,115998113,81896551.72,98189655.17,109040875.5,137367724.1,137088879.3,137088879,145087603,175361810,179441954.5,192613248
Bomet,Konoin,Konoin,,KONOIN ,36,BOMET ,198,75115,198,Konoin,77151479,110932946,117584949,81896551.72,98189655.17,109040875.5,137367724.1,137088879.3,137088879,145087603,175361810,179441954.5,192613248
Kakamega,Lugari,Lugari,,LUGARI ,37,KAKAMEGA ,199,86908,199,Lugari,84286365,121742485,129129878,81896551.72,98189655.17,109040875.5,137367724.1,137088879.3,137088879,151960174,184529901,188414052.2,202243910
Kakamega,Likuyani,Likuyani,,LIKUYANI ,37,KAKAMEGA ,200,72449,200,Likuyani,77911938,112085061,118815444,81896551.72,98189655.17,109040875.5,137367724.1,137088879.3,137088879,145087603,175361810,179441954.5,192613248
Kakamega,Malava,Malava,,MALAVA ,37,KAKAMEGA ,201,94417,201,Malava,88227101,127712804,135506366,81896551.72,98189655.17,109040875.5,137367724.1,137088879.3,137088879,158832745,192897991,197386149.9,211874573
Kakamega,Lurambi,Lurambi,,LURAMBI ,37,KAKAMEGA ,202,89627,202,Lurambi,72577226,104002833,110183370,81896551.72,98189655.17,109040875.5,137367724.1,137088879.3,137088879,151960174,184129901,188426052.2,202243910
Kakamega,Navakholo,Navakholo,,NAVAKHOLO ,37,KAKAMEGA ,203,64743,203,Navakholo,79159288,113974829,120833776,81896551.72,98189655.17,109040875.5,137367724.1,137088879.3,137088879,145087603,175361810,179441954.5,192613248
Kakamega,Mumias West,Mumias West,,MUMIAS WEST,37,KAKAMEGA ,204,53317,204,Mumias-West,70710004,101173942,107162024,81896551.72,98189655.17,109040875.5,137367724.1,137183879.3,137088879,138215033,166681720,170526856.7,182982585
Kakamega,Mumias East,Mumias East,,MUMIAS EAST,37,KAKAMEGA ,205,50568,205,Mumias-East,73286606,105077562,111331214,81896551.72,98189655.17,109040875.5,137367724.1,137088879.3,137088879,131342462,157825629,161497759,173351923
Kakamega,Matungu,Matungu,,MATUNGU ,37,KAKAMEGA ,206,73930,206,Matungu,81134784,116967757,124030317,81896551.72,98189655.17,109040875.5,137367724.1,137239879.3,137088879,145087603,175361810,179441954.5,192613248
Kakamega,Butere,Butere,,BUTERE ,37,KAKAMEGA ,207,70224,207,Butere,79819089,114974444,121901396,81896551.72,98189655.17,109040875.5,137367724.1,137270879.3,137088879,145087603,175361810,179441954.5,192613248
Kakamega,Khwisero,Khwisero,,KHWISERO ,37,KAKAMEGA ,208,55091,208,Khwisero,76654053,110179332,116780065,81896551.72,98189655.17,109040875.5,137367724.1,137088879.3,137088879,138215033,166593720,170469856.7,182982585
Kakamega,Shinyalu,Shinyalu,,SHINYALU ,37,KAKAMEGA ,209,76978,209,Shinyalu,84102728,121464271,128832736,81896551.72,98189655.17,109040875.5,137367724.1,137150879.3,137088879,151960174,184129901,188414052.2,202243910
Kakamega,Ikolomani,Ikolomani,,IKOLOMANI ,37,KAKAMEGA ,210,56299,210,Ikolomani,75080891,107795950,114234538,81896551.72,98189655.17,109040875.5,137367724.1,137088879.3,137088879,138215033,166593720,170469856.7,182982585
Vihiga,Vihiga,Vihiga,,VIHIGA ,38,VIHIGA ,211,52289,211,Vihiga,67056606,95638949,101250478,81896551.72,98189655.17,109040875.5,137367724.1,137093879.3,137088879,138215033,166593720,170469856.7,182982585
Vihiga,Sabatia,Sabatia,,SABATIA ,38,VIHIGA ,212,70875,212,Sabatia,67279717,95976968,101611493,81896551.72,98189655.17,109040875.5,137367724.1,137088879.3,137088879,151960174,184129901,188414052.2,202243910
Vihiga,Hamisi,Hamisi,,HAMISI ,38,VIHIGA ,213,80384,213,Hamisi,80682798,116282986,123298960,81896551.72,98189655.17,109040875.5,137367724.1,137088879.3,137088879,158832745,192897991,197386149.9,211874573
Vihiga,Luanda,Luanda,,LUANDA ,38,VIHIGA ,214,56310,214,Luanda,69396664,99184197,105036915,81896551.72,98189655.17,109040875.5,137367724.1,137088879.3,137088879,145087603,175361810,179441954.5,192613248
Vihiga,Emuhaya,Emuhaya,,EMUHAYA ,38,VIHIGA ,215,50185,215,Emuhaya,72298219,103580130,109731909,81896551.72,98189655.17,109040875.5,137367724.1,137088879.3,137088879,131342462,157825629,161497759,173351923
Bungoma,Mt. Elgon,Mt. Elgon,,MT. ELGON,39,BUNGOMA ,216,76159,216,Mt-Elgon,87818735,127094118,134845590,81896551.72,98189655.17,109040875.5,137367724.1,137088879.3,137088879,151960174,184129901,188414052.2,202243910
Bungoma,Sirisia,Sirisia,,SIRISIA ,39,BUNGOMA ,217,48717,217,Sirisia,74759341,107308794,113714240,81896551.72,98189655.17,109040875.5,137367724.1,137152879.3,137088879,131342462,157825629,161497759,173351923
Bungoma,Kabuchai,Kabuchai,,KABUCHAI ,39,BUNGOMA ,218,67221,218,Kabuchai,79417240,114365633,121251167,81896551.72,98189655.17,109040875.5,137367724.1,137088879.3,137088879,138215033,166593720,170469856.7,182982585
Bungoma,Bumula,Bumula,,BUMULA ,39,BUNGOMA ,219,82047,219,Bumula,85034676,122876196,130340717,81896551.72,98189655.17,109040875.5,137367724.1,137088879.3,137088879,158832745,192897991,197386149.9,211874573
Bungoma,Kanduyi,Kanduyi,,KANDUYI ,39,BUNGOMA ,220,118333,220,Kanduyi,90327994,130895711,138905812,81896551.72,98189655.17,109040875.5,137367724.1,137171879.3,137088879,165705316,201666082,206358247.6,221505235
Bungoma,Webuye East,Webuye East,,WEBUYE EAST,39,BUNGOMA ,221,48950,221,Webuye-East,71547621,102442954,108517370,81896551.72,98189655.17,109040875.5,137367724.1,137088879.3,137088879,131342462,158487629,161613759,173351923
Bungoma,Webuye West,Webuye West,,WEBUYE WEST,39,BUNGOMA ,222,58632,222,Webuye-West,77167470,110957173,117610824,81896551.72,98189655.17,109040875.5,137367724.1,137088879.3,137088879,138215033,166593720,170469856.7,182982585
Bungoma,Kimilili,Kimilili,,KIMILILI ,39,BUNGOMA ,223,61587,223,Kimilili,67959286,97006533,102711100,81896551.72,98189655.17,109040875.5,137367724.1,137098879.3,137088879,138215033,166593720,170469856.7,182982585
Bungoma,Tongaren,Tongaren,,TONGAREN ,39,BUNGOMA ,224,84952,224,Tongaren,84144074,121526910,128899637,81896551.72,98189655.17,109040875.5,137367724.1,137088879.3,137088879,151960174,184129901,188414052.2,202243910
Busia,Teso North,Teso North,,TESO NORTH,40,BUSIA ,225,59795,225,Teso-North,78429333,112868928,119652639,81896551.72,98189655.17,109040875.5,137367724.1,137088879.3,137088879,151960174,184129901,188414052.2,202243910
Busia,Teso South,Teso South,,TESO SOUTH,40,BUSIA ,226,71268,226,Teso-South,82307345,118744218,125927634,81896551.72,98189655.17,109040875.5,137367724.1,137101879.3,137088879,151960174,184129901,188414052.2,202243910
Busia,Nambale,Nambale,,NAMBALE ,40,BUSIA ,227,50545,227,Nambale,75112608,107844002,114285860,81896551.72,98189655.17,109040875.5,137367724.1,137183879.3,137088879,138215033,167037620,170469856.7,182982585
Busia,Matayos,Matayos,,MATAYOS ,40,BUSIA ,228,67708,228,Matayos,77118704,110883290,117531915,81896551.72,98189655.17,109040875.5,137367724.1,137107879.3,137088879,145087603,175361810,179441954.5,192613248
Busia,Butula,Butula,,BUTULA ,40,BUSIA ,229,67377,229,Butula,81815148,117998526,125131211,81896551.72,98189655.17,109040875.5,137367724.1,137088879.3,137088879,151960174,184129901,188414052.2,202243910
Busia,Funyula,Funyula,,FUNYULA ,40,BUSIA ,230,54031,230,Funyula,75763428,108830012,115338949,81896551.72,98189655.17,109040875.5,137367724.1,137233879.3,137088879,138215033,166593720,170469856.7,182982585
Busia,Budalangi,Budalangi,,BUDALANGI ,40,BUSIA ,231,46032,231,Budalangi,71416710,102244621,108305543,81896551.72,98189655.17,109040875.5,137367724.1,137088879.3,137088879,138215033,166593720,170469856.7,182982585
Siaya,Ugenya,Ugenya,,UGENYA ,41,SIAYA ,232,69027,232,Ugenya,71734746,102726454,108820156,81896551.72,98189655.17,109040875.5,137367724.1,137088879.3,137088879,138215033,166593720,170469856.7,182982585
Siaya,Ugunja,Ugunja,,UGUNJA ,41,SIAYA ,233,60114,233,Ugunja,69415690,99213023,105067702,81896551.72,98189655.17,109040875.5,137367724.1,137088879.3,137088879,131342462,166593720,161497759,173351923
Siaya,Alego Usonga,Alego Usonga,,ALEGO USONGA,41,SIAYA ,234,122002,234,Alego-Usonga,80470583,115961475,122955577,81896551.72,98189655.17,109040875.5,137367724.1,137088879.3,137088879,151960174,157825629,188414052.2,202243910
Siaya,Gem,Gem,,GEM ,41,SIAYA ,235,93568,235,Gem,79342996,114253151,121131032,81896551.72,98189655.17,109040875.5,137367724.1,137088879.3,137088879,151960174,184129901,188414052.2,202243910
Siaya,Bondo,Bondo,,BONDO ,41,SIAYA ,236,104035,236,Bondo,74304713,106620021,112978608,81896551.72,98189655.17,109040875.5,137367724.1,137354879.3,137088879,151960174,184129901,188414052.2,202243910
Siaya,Rarieda,Rarieda,,RARIEDA ,41,SIAYA ,237,84849,237,Rarieda,71102715,101768910,107797469,81896551.72,98189655.17,109040875.5,137367724.1,137088879.3,137088879,145087603,184129901,179441954.5,192613248
Kisumu,Kisumu East,Kisumu East,,KISUMU EAST,42,KISUMU ,238,93177,238,Kisumu-East,76051617,109266625,115805266,81896551.72,98189655.17,109040875.5,137367724.1,137088879.3,137088879,145087603,175361810,179441954.5,192613248
Kisumu,Kisumu West,Kisumu West,,KISUMU WEST,42,KISUMU ,239,82927,239,Kisumu-West,76304678,109650020,116214743,81896551.72,98189655.17,109040875.5,137367724.1,137088879.3,137088879,145087603,175361810,179441954.5,192613248
Kisumu,Kisumu Central,Kisumu Central,,KISUMU CENTRAL,42,KISUMU ,240,130149,240,Kisumu-Central,63136381,89699706,94907179,81896551.72,98189655.17,109040875.5,137367724.1,137479979.3,137088879,151960174,175361810,188414052.2,202243910
Kisumu,Seme,Seme,,SEME ,42,KISUMU ,241,62045,241,Seme,71345361,102136525,108190093,81896551.72,98189655.17,109040875.5,137367724.1,137088879.3,137088879,138215033,184129901,170469856.7,182982585
Kisumu,Nyando,Nyando,,NYANDO ,42,KISUMU ,242,80757,242,Nyando,78207229,112532435,119293253,81896551.72,98189655.17,109040875.5,137367724.1,137220379.3,137088879,145087603,166593720,179501954.5,192613248
Kisumu,Muhoroni,Muhoroni,,MUHORONI ,42,KISUMU ,243,79765,243,Muhoroni,77191889,110994169,117650337,81896551.72,98189655.17,109040875.5,137367724.1,137088879.3,137088879,145087603,175425810,179441954.5,192613248
Kisumu,Nyakach,Nyakach,,NYAKACH ,42,KISUMU ,244,77934,244,Nyakach,76741363,110311610,116921342,81896551.72,98189655.17,109040875.5,137367724.1,137088879.3,137088879,145087603,175361810,179629954.5,192613248
Homa Bay,Kasipul,Kasipul,,KASIPUL ,43,HOMA BAY,245,67513,245,Kasipul,75059249,107763163,114199520,81896551.72,98189655.17,109040875.5,137367724.1,137088879.3,137088879,145087603,175361810,179534954.5,192613248
Homa Bay,Kabondo Kasipul,Kabondo Kasipul,,KABONDO KASIPUL,43,HOMA BAY,246,59910,246,Kabondo-Kasipul,74918207,107549481,113971301,81896551.72,98189655.17,109040875.5,137367724.1,137247879.3,137088879,138215033,175361810,170537856.7,182982585
Homa Bay,Karachuonyo,Karachuonyo,,KARACHUONYO ,43,HOMA BAY,247,94181,247,Karachuonyo,80295385,115696045,122672089,81896551.72,98189655.17,109040875.5,137367724.1,137088879.3,137088879,158832745,166593720,197386149.9,211874573
Homa Bay,Rangwe,Rangwe,,RANGWE ,43,HOMA BAY,248,58886,248,Rangwe,72560942,103978163,110157021,81896551.72,98189655.17,109040875.5,137367724.1,137088879.3,137088879,138215033,192897991,170469856.7,182982585
Homa Bay,Homa Bay Town,Homa Bay Town,,HOMA BAY TOWN,43,HOMA BAY,249,58335,249,Homabay-Town,72007472,103139640,109261452,81896551.72,98189655.17,109040875.5,137367724.1,137088879.3,137088879,138215033,166593720,170549856.7,182982585
Homa Bay,Ndhiwa,Ndhiwa,,NDHIWA ,43,HOMA BAY,250,96734,250,Ndhiwa,84326539,121803350,129194883,81896551.72,98189655.17,109040875.5,137367724.1,137222879.3,137088879,158832745,166593720,197386149.9,211874573
Homa Bay,Suba North,Suba North,,SUBA NORTH,43,HOMA BAY,251,60674,251,Suba-North,72307304,103593893,109746609,81896551.72,98189655.17,109040875.5,137367724.1,137088879.3,137088879,145087603,192897991,179441954.5,192613248
Homa Bay,Suba South,Suba South,,SUBA SOUTH,43,HOMA BAY,252,54838,252,Suba-South,74630545,107113665,113505836,81896551.72,98189655.17,109040875.5,137367724.1,137088879.3,137088879,138215033,175361810,170469856.7,182982585
Migori,Rongo,Rongo,,RONGO ,44,MIGORI ,253,59181,253,Rongo,70196227,100395557,106330685,81896551.72,98189655.17,109040875.5,137367724.1,137088879.3,137088879,138215033,166593720,170475856.7,182982585
Migori,Awendo,Awendo,,AWENDO ,44,MIGORI ,254,55972,254,Awendo,71268576,102020193,108065848,81896551.72,98189655.17,109040875.5,137367724.1,137527879.3,137088879,138215033,166593720,170469856.7,182982585
Migori,Suna East,Suna East,,SUNA EAST,44,MIGORI ,255,54465,255,Suna-East,74165609,106409274,112753524,81896551.72,98189655.17,109040875.5,137367724.1,137088879.3,137088879,138215033,166593720,170469856.7,182982585
Migori,Suna West,Suna West,,SUNA WEST,44,MIGORI ,256,56686,256,Suna-West,73360562,105189607,111450881,81896551.72,98189655.17,109040875.5,137367724.1,137088879.3,137088879,138215033,166593720,170469856.7,182982585
Migori,Uriri,Uriri,,URIRI ,44,MIGORI ,257,65063,257,Uriri,76761203,110341668,116953445,81896551.72,98189655.17,109040875.5,137367724.1,137088879.3,137088879,145087603,166593720,179441954.5,192613248
Migori,Nyatike,Nyatike,,NYATIKE ,44,MIGORI ,258,73432,258,Nyatike,77092295,110843280,117489182,81896551.72,98189655.17,109040875.5,137367724.1,137088879.3,137088879,158832745,175361810,197386149.9,211874573
Migori,Kuria West,Kuria West,,KURIA WEST,44,MIGORI ,259,62244,259,Kuria-West,86922090,125735678,133394733,81896551.72,98189655.17,109040875.5,137367724.1,137088879.3,137088879,158832745,192897991,197386149.9,211874573
Migori,Kuria East,Kuria East,,KURIA EAST,44,MIGORI ,260,41976,260,Kuria-East,72988976,104626645,110849620,81896551.72,98189655.17,109040875.5,137367724.1,137088879.3,137088879,145087603,192897991,179481954.5,192613248
Kisii,Bonchari,Bonchari,,BONCHARI ,45,KISII ,261,64630,261,Bonchari,74868981,107474902,113891649,81896551.72,98189655.17,109040875.5,137367724.1,137088879.3,137088879,138215033,175361810,170469856.7,182982585
Kisii,South Mugirango,South Mugirango,,SOUTH MUGIRANGO,45,KISII ,262,79004,262,South-Mugirango,83063905,119890426,127151820,81896551.72,98189655.17,109040875.5,137367724.1,137223079.3,137088879,151960174,166593720,188476052.2,202243910
Kisii,Bomachoge Borabu,Bomachoge Borabu,,BOMACHOGE BORABU,45,KISII ,263,56991,263,Bamachoge-Borabu,76430298,109840338,116418009,81896551.72,98189655.17,109040875.5,137367724.1,137209879.3,137088879,138215033,184129901,170469856.7,182982585
Kisii,Bobasi,Bobasi,,BOBASI ,45,KISII ,264,106060,264,Bobasi,88552495,128205784,136032885,81896551.72,98189655.17,109040875.5,137367724.1,137112879.3,137088879,165705316,166593720,206358247.6,221505235
Kisii,Bomachoge Chache,Bomachoge Chache,,BOMACHOGE CHACHE,45,KISII ,265,49301,265,Bamachoge-Chache,72710357,104204529,110398787,81896551.72,98189655.17,109040875.5,137367724.1,137088879.3,137088879,131342462,201666082,161497759,173351923
Kisii,Nyaribari Masaba,Nyaribari Masaba,,NYARIBARI MASABA,45,KISII ,266,68593,266,Nyaribari-Masaba,77175000,110968581,117623008,81896551.72,98189655.17,109040875.5,137367724.1,137088879.3,137088879,145087603,157825629,179441954.5,192613248
Kisii,Nyaribari Chache,Nyaribari Chache,,NYARIBARI CHACHE,45,KISII ,267,88553,267,Nyaribari-Chache,76941155,110614299,117244624,81896551.72,98189655.17,109040875.5,137367724.1,137088879.3,137088879,151960174,175361810,188414052.2,202243910
Kisii,Kitutu Chache North,Kitutu Chache North,,KITUTU CHACHE NORTH,45,KISII ,268,56970,268,KitutuChache-North,77918354,112094781,118825826,81896551.72,98189655.17,109040875.5,137367724.1,137088879.3,137088879,138215033,184129901,170509856.7,182982585
Kisii,Kitutu Chache South,Kitutu Chache South,,KITUTU CHACHE SOUTH,45,KISII ,269,66908,269,KitutuChache-South,73722278,105737617,112036174,81896551.72,98189655.17,109040875.5,137367724.1,137088879.3,137088879,145087603,166593720,179441954.5,192613248
Nyamira,Kitutu Masaba,Kitutu Masaba,,KITUTU MASABA,46,NYAMIRA ,270,106269,270,Kitutu-Masaba,87769627,127019718,134766129,81896551.72,98189655.17,109040875.5,137367724.1,137088879.3,137088879,151960174,175361810,188414052.2,202243910
Nyamira,West Mugirango,West Mugirango,,WEST MUGIRANGO,46,NYAMIRA ,271,88199,271,West-Mugirango,82977847,119760046,127012570,81896551.72,98189655.17,109040875.5,137367724.1,137088879.3,137088879,145087603,184129901,179441954.5,192613248
Nyamira,North Mugirango,North Mugirango,,NORTH MUGIRANGO,46,NYAMIRA ,272,64750,272,North-Mugirango,76831905,110448783,117067847,81896551.72,98189655.17,109040875.5,137367724.1,137088879.3,137088879,145087603,175361810,179448954.5,192623248
Nyamira,Borabu,Borabu,,BORABU ,46,NYAMIRA ,273,64065,273,Borabu,75861165,108978086,115497096,81896551.72,98189655.17,109040875.5,137367724.1,137088879.3,137088879,138215033,175361810,170469856.7,182982585
Nairobi City,Westlands,Westlands,,WESTLANDS ,47,NAIROBI CITY,274,160739,274,Westlands,65005250,92531090,97931187,81896551.72,98189655.17,109040875.5,137367724.1,137114879.3,137088879,145087603,166593720,179441954.5,192613248
Nairobi City,Dagoretti North,Dagoretti North,,DAGORETTI NORTH,47,NAIROBI CITY,275,157659,275,Dagoretti-North,64977823,92489538,97886808,81896551.72,98189655.17,109040875.5,137367724.1,137088879.3,137088879,145087603,175361810,179483419,192613248
Nairobi City,Dagoretti South,Dagoretti South,,DAGORETTI SOUTH,47,NAIROBI CITY,276,114930,276,Dagoretti-South,64083427,91134504,96439588,81896551.72,98189655.17,109040875.5,137367724.1,137120879.3,137088879,145087603,175361810,179662954.5,192613248
Nairobi City,Langata,Langata,,LANGATA ,47,NAIROBI CITY,277,145649,277,Langata,63146101,89714432,94922906,81896551.72,98189655.17,109040875.5,137367724.1,137088879.3,137088879,145087603,175361810,179512454.5,192613248
Nairobi City,Kibra,Kibra,,KIBRA ,47,NAIROBI CITY,278,128282,278,Kibra,67873541,96876627,102572356,81896551.72,98189655.17,109040875.5,137367724.1,137155879.3,137088879,145087603,175361810,179441954.5,192613248
Nairobi City,Roysambu,Roysambu,,ROYSAMBU ,47,NAIROBI CITY,279,153772,279,Roysambu,65441941,93192688,98637794,81896551.72,98189655.17,109040875.5,137367724.1,137088879.3,137088879,145087603,175361810,179441954.5,192613248
Nairobi City,Kasarani,Kasarani,,KASARANI ,47,NAIROBI CITY,280,155250,280,Kasarani,63933229,90906951,96196554,81896551.72,98189655.17,109040875.5,137367724.1,137159879.3,137088879,145087603,175361810,179441954.5,192613248
Nairobi City,Ruaraka,Ruaraka,,RUARAKA ,47,NAIROBI CITY,281,124482,281,Ruaraka,67610957,96478805,102147470,81896551.72,98189655.17,109040875.5,137367724.1,137131879.3,137088879,145087603,175361810,179441954.5,192613248
Nairobi City,Embakasi South,Embakasi South,,EMBAKASI SOUTH,47,NAIROBI CITY,282,167953,282,Embakasi-South,65786834,93715211,99195865,81896551.72,98189655.17,109040875.5,137367724.1,137138879.3,137088879,145087603,175361810,179441954.5,192613248
Nairobi City,Embakasi North,Embakasi North,,EMBAKASI NORTH,47,NAIROBI CITY,283,113344,283,Embakasi-North,64607566,91928589,97287696,81896551.72,98189655.17,109040875.5,137367724.1,137088879.3,137088879,145087603,175361810,179492954.5,192613248
Nairobi City,Embakasi Central,Embakasi Central,,EMBAKASI CENTRAL,47,NAIROBI CITY,284,145892,284,Embakasi-Central,61693900,87514309,92573105,81896551.72,98189655.17,109040875.5,137367724.1,137128879.3,137088879,145087603,175361810,179441954.5,192613248
Nairobi City,Embakasi East,Embakasi East,,EMBAKASI EAST,47,NAIROBI CITY,285,154599,285,Embakasi-East,62401364,88586135,93717850,81896551.72,98189655.17,109040875.5,137367724.1,137088879.3,137088879,145087603,175361810,179441954.5,192613248
Nairobi City,Embakasi West,Embakasi West,,EMBAKASI WEST,47,NAIROBI CITY,286,141878,286,Embakasi-West,61063686,86559518,91553359,81896551.72,98189655.17,109040875.5,137367724.1,137088879.3,137088879,138215033,175361810,170469856.7,182982585
Nairobi City,Makadara,Makadara,,MAKADARA ,47,NAIROBI CITY,287,129627,287,Makadara,61674898,87485520,92542358,81896551.72,98189655.17,109040875.5,137367724.1,137140879.3,137088879,138215033,166593720,170469856.7,182982585
Nairobi City,Kamukunji,Kamukunji,,KAMUKUNJI ,47,NAIROBI CITY,288,128516,288,Kamukunji,63213127,89815978,95031361,81896551.72,98189655.17,109040875.5,137367724.1,137246879.3,137088879,145087603,166593720,179441954.5,192613248
Nairobi City,Starehe,Starehe,,STAREHE ,47,NAIROBI CITY,289,169575,289,Starehe,62559840,88826231,93974280,81896551.72,98189655.17,109040875.5,137367724.1,137164879.3,137088879,151960174,175361810,188414052.2,202243910
Nairobi City,Mathare,Mathare,,MATHARE ,47,NAIROBI CITY,290,123163,290,Mathare,68489371,97809625,103568828,81896551.72,98189655.17,109040875.5,137367724.1,137088879.3,137088879,151960174,184129901,191352061.6,202243910
